{"cameraMode":{"drawMode":0,"name":"Shaded","section":"Shading Mode"},"sceneLighting":false,"audioPlay":false,"sceneViewState":{"m_AlwaysRefresh":false,"showFog":true,"showSkybox":false,"showFlares":true,"showImageEffects":true,"showParticleSystems":true,"showVisualEffectGraphs":true,"m_FxEnabled":true},"in2DMode":false,"pivot":{"x":-0.8183140754699707,"y":1.2908846139907838,"z":1.7348546981811524},"rotation":{"x":0.13687723875045777,"y":-0.11857297271490097,"z":0.016503620892763139,"w":0.9833213090896606},"size":17.559814453125,"orthographic":false}