{"cameraMode":{"drawMode":0,"name":"Shaded","section":"Shading Mode"},"sceneLighting":true,"audioPlay":false,"sceneViewState":{"m_AlwaysRefresh":false,"showFog":true,"showSkybox":false,"showFlares":true,"showImageEffects":true,"showParticleSystems":true,"showVisualEffectGraphs":true,"m_FxEnabled":false},"in2DMode":false,"pivot":{"x":0.0925450325012207,"y":12.500000953674317,"z":-6.128103256225586},"rotation":{"x":0.009258867241442204,"y":0.9942541718482971,"z":-0.1036713570356369,"w":0.045125819742679599},"size":25.81012725830078,"orthographic":false}