{"cameraMode":{"drawMode":0,"name":"Shaded","section":"Shading Mode"},"sceneLighting":true,"audioPlay":false,"sceneViewState":{"m_AlwaysRefresh":false,"showFog":true,"showSkybox":true,"showFlares":true,"showImageEffects":true,"showParticleSystems":true,"showVisualEffectGraphs":true,"m_FxEnabled":false},"in2DMode":false,"pivot":{"x":7.654767990112305,"y":2.852670431137085,"z":-3.465594530105591},"rotation":{"x":0.033701613545417789,"y":-0.4081599712371826,"z":0.017994606867432596,"w":0.9129481315612793},"size":0.6403515338897705,"orthographic":false}