{"cameraMode":{"drawMode":0,"name":"Shaded","section":"Shading Mode"},"sceneLighting":true,"audioPlay":false,"sceneViewState":{"m_AlwaysRefresh":false,"showFog":true,"showSkybox":true,"showFlares":true,"showImageEffects":true,"showParticleSystems":true,"showVisualEffectGraphs":true,"m_FxEnabled":false},"in2DMode":false,"pivot":{"x":-18.031600952148439,"y":3.4860470294952394,"z":-1.1137837171554566},"rotation":{"x":0.006162473000586033,"y":-0.6620927453041077,"z":0.0010668528266251088,"w":-0.7507905960083008},"size":0.8660253882408142,"orthographic":false}