{"cameraMode":{"drawMode":0,"name":"Shaded","section":"Shading Mode"},"sceneLighting":true,"audioPlay":false,"sceneViewState":{"m_AlwaysRefresh":false,"showFog":true,"showSkybox":true,"showFlares":true,"showImageEffects":true,"showParticleSystems":true,"showVisualEffectGraphs":true,"m_FxEnabled":true},"in2DMode":false,"pivot":{"x":-0.01850789785385132,"y":0.8978981375694275,"z":-2.6807565689086916},"rotation":{"x":0.03034806437790394,"y":0.5959709882736206,"z":-0.02253406122326851,"w":0.8021352887153626},"size":0.7549593448638916,"orthographic":false}