{"cameraMode":{"drawMode":0,"name":"Shaded","section":"Shading Mode"},"sceneLighting":true,"audioPlay":false,"sceneViewState":{"m_AlwaysRefresh":false,"showFog":true,"showSkybox":true,"showFlares":true,"showImageEffects":true,"showParticleSystems":true,"showVisualEffectGraphs":true,"m_FxEnabled":false},"in2DMode":false,"pivot":{"x":3.762148141860962,"y":1.6714410781860352,"z":-2.3298838138580324},"rotation":{"x":-0.007050799205899239,"y":-0.7497794032096863,"z":-0.002994087990373373,"w":0.6627939939498901},"size":13.24009895324707,"orthographic":false}