{"cameraMode":{"drawMode":0,"name":"Shaded","section":"Shading Mode"},"sceneLighting":true,"audioPlay":false,"sceneViewState":{"m_AlwaysRefresh":false,"showFog":true,"showSkybox":true,"showFlares":true,"showImageEffects":true,"showParticleSystems":true,"showVisualEffectGraphs":true,"m_FxEnabled":true},"in2DMode":false,"pivot":{"x":168.66317749023438,"y":-62.32115936279297,"z":-23.176366806030275},"rotation":{"x":0.10568666458129883,"y":0.7156203985214233,"z":-0.10610031336545944,"w":0.6821507215499878},"size":117.81133270263672,"orthographic":false}