{"cameraMode":{"drawMode":0,"name":"Shaded","section":"Shading Mode"},"sceneLighting":true,"audioPlay":false,"sceneViewState":{"m_AlwaysRefresh":false,"showFog":true,"showSkybox":true,"showFlares":true,"showImageEffects":true,"showParticleSystems":true,"showVisualEffectGraphs":true,"m_FxEnabled":false},"in2DMode":false,"pivot":{"x":7.232604503631592,"y":-0.2009652853012085,"z":-27.37192153930664},"rotation":{"x":0.012012740597128868,"y":-0.9820280075073242,"z":0.08980055153369904,"w":0.1700010746717453},"size":5.8735270500183109,"orthographic":false}