{"cameraMode":{"drawMode":0,"name":"Shaded","section":"Shading Mode"},"sceneLighting":false,"audioPlay":false,"sceneViewState":{"m_AlwaysRefresh":false,"showFog":true,"showSkybox":false,"showFlares":true,"showImageEffects":true,"showParticleSystems":true,"showVisualEffectGraphs":true,"m_FxEnabled":false},"in2DMode":false,"pivot":{"x":2.1733944416046144,"y":1.3919954299926758,"z":-1.684830904006958},"rotation":{"x":0.062268078327178958,"y":-0.7990207076072693,"z":0.08885086327791214,"w":0.5925580263137817},"size":2.2775747776031496,"orthographic":false}